timestamp,run_id,order,configuration,graph,core,iterations,flags,wall_time_s,user_time_s,sys_time_s,vol_ctx,invol_ctx,minflt,majflt,exit_status
2026-10-05T16:23:07+03:00,1,1,seq,graph-seq.bin,2,1,"--write --no-cache",7.77,0.18,0.80,132434,1,143,0,0
2026-10-05T16:23:17+03:00,1,2,rand,graph-rand.bin,2,1,"--write --no-cache",10.66,0.15,0.83,132434,1,141,0,0
2026-10-05T16:23:30+03:00,2,1,rand,graph-rand.bin,2,1,"--write --no-cache",9.30,0.14,0.82,132435,1,143,0,0
2026-10-05T16:23:41+03:00,2,2,seq,graph-seq.bin,2,1,"--write --no-cache",7.80,0.14,0.81,132435,1,145,0,0
2026-10-05T16:23:51+03:00,3,1,seq,graph-seq.bin,2,1,"--write --no-cache",7.72,0.15,0.81,132435,0,142,0,0
2026-10-05T16:24:00+03:00,3,2,rand,graph-rand.bin,2,1,"--write --no-cache",15.98,0.13,0.88,132436,0,144,0,0
2026-10-05T16:24:18+03:00,4,1,rand,graph-rand.bin,2,1,"--write --no-cache",8.58,0.14,0.83,132434,0,142,0,0
2026-10-05T16:24:29+03:00,4,2,seq,graph-seq.bin,2,1,"--write --no-cache",7.65,0.15,0.81,132435,1,141,0,0
2026-10-05T16:24:39+03:00,5,1,seq,graph-seq.bin,2,1,"--write --no-cache",7.77,0.13,0.83,132435,1,143,0,0
2026-10-05T16:24:48+03:00,5,2,rand,graph-rand.bin,2,1,"--write --no-cache",8.10,0.15,0.82,132436,1,142,0,0
2026-10-05T16:24:59+03:00,6,1,rand,graph-rand.bin,2,1,"--write --no-cache",7.92,0.11,0.84,132435,3,142,0,0
2026-10-05T16:25:08+03:00,6,2,seq,graph-seq.bin,2,1,"--write --no-cache",7.88,0.15,0.81,132434,1,143,0,0
2026-10-05T16:25:18+03:00,7,1,seq,graph-seq.bin,2,1,"--write --no-cache",7.92,0.15,0.80,132436,0,141,0,0
2026-10-05T16:25:28+03:00,7,2,rand,graph-rand.bin,2,1,"--write --no-cache",9.33,0.14,0.83,132435,1,142,0,0
2026-10-05T16:25:40+03:00,8,1,rand,graph-rand.bin,2,1,"--write --no-cache",8.01,0.13,0.83,132434,1,141,0,0
2026-10-05T16:25:50+03:00,8,2,seq,graph-seq.bin,2,1,"--write --no-cache",7.77,0.14,0.82,132436,2,143,0,0
2026-10-05T16:25:59+03:00,9,1,seq,graph-seq.bin,2,1,"--write --no-cache",7.90,0.15,0.81,132435,1,144,0,0
2026-10-05T16:26:09+03:00,9,2,rand,graph-rand.bin,2,1,"--write --no-cache",8.05,0.12,0.84,132436,1,144,0,0
2026-10-05T16:26:19+03:00,10,1,rand,graph-rand.bin,2,1,"--write --no-cache",8.91,0.15,0.82,132436,2,143,0,0
2026-10-05T16:26:30+03:00,10,2,seq,graph-seq.bin,2,1,"--write --no-cache",7.84,0.12,0.84,132434,1,141,0,0
